Gene_set,Term,Overlap,P-value,Adjusted P-value,Old P-value,Old Adjusted P-value,Odds Ratio,Combined Score,Genes
KEGG_2021_Human,Complement and coagulation cascades,38/85,5.256448886548045e-41,1.303599323863915e-38,0,0,40.58349286222174,3763.9782653025695,CPB2;SERPINA1;C1S;CFH;C1R;SERPINC1;PROS1;SERPINE1;CFI;F13A1;C4BPA;PLG;C8B;TFPI;CLU;SERPINA5;C4B;C3;C4A;VTN;C5;C7;C9;A2M;FGB;FGA;VWF;F10;SERPIND1;FGG;SERPINF2;F2;F5;F9;SERPING1;CFHR5;F13B;MASP1
KEGG_2021_Human,ECM-receptor interaction,24/88,2.84075407187966e-20,3.522535049130778e-18,0,0,18.153535980148884,817.047672787464,LAMA5;TNXB;VWF;SDC4;LAMB2;TNC;FN1;LAMB1;LAMC1;NPNT;HSPG2;THBS1;THBS4;THBS3;COMP;COL1A1;VTN;COL2A1;RELN;FRAS1;COL6A1;COL6A3;SDC1;AGRN
KEGG_2021_Human,Coronavirus disease,34/232,6.48000866571566e-19,5.3568071636582775e-17,0,0,8.465700259593389,354.54687013952946,RPL30;C1S;C1R;RPLP1;RPL12;RPLP0;F13A1;C8B;RPL10A;C4B;C3;C4A;RPS14;C5;RPS16;C7;RPS18;C9;RPS3;RPS2;RPS27A;RPS10;RPS13;FGB;FGA;RPS9;VWF;RPL22;FGG;RPSA;F2;RPS25;F13B;MASP1
KEGG_2021_Human,Focal adhesion,26/201,1.9556031267119986e-13,1.2124739385614392e-11,0,0,7.187003918774493,210.31263129660465,LAMA5;TNXB;TNC;LAMC1;THBS1;ACTB;THBS4;THBS3;COMP;RAP1B;VTN;RELN;FLNA;FLNB;RAC1;VWF;LAMB2;ACTN1;FN1;LAMB1;PARVB;COL1A1;COL2A1;COL6A1;COL6A3;TLN1
KEGG_2021_Human,Systemic lupus erythematosus,21/135,1.1237764131779357e-12,5.5739310093625616e-11,0,0,8.828947368421053,242.9225388235655,H2AZ1;C1S;C1R;ACTN1;MACROH2A2;C8B;MACROH2A1;C4B;H2AC11;C3;H2BC12;C4A;C5;C7;SNRPD1;C9;H2AC21;H2BC11;H4C1;SNRPD3;H3-3A
KEGG_2021_Human,Prion disease,26/273,2.167558062734913e-10,8.959239992637642e-09,0,0,5.073106706916918,112.88803726171354,PSMD14;PSMD13;LAMC1;C8B;TUBA1C;C5;ATP5F1B;C7;PSMB2;TUBB3;C9;TUBB1;RAC1;HSPA8;HSPA5;TUBB;TUBB4B;TUBA4A;PSMA6;PSMC5;PSMC6;PSMC3;PSMC4;PSMC1;PSMC2;HSPA1A
KEGG_2021_Human,Glycolysis / Gluconeogenesis,13/67,1.4231676394253444e-09,4.9232995823269143e-08,0,0,11.35028627661478,231.2096527098939,TPI1;PGAM1;AKR1A1;ENO1;ADH5;LDHB;LDHA;PKM;PGK1;ALDOC;ALDOA;GAPDH;PCK2
KEGG_2021_Human,Staphylococcus aureus infection,15/95,1.588161155589327e-09,4.9232995823269143e-08,0,0,8.871207524271844,179.73677666737723,C1S;CFH;C1R;FGG;CFI;PLG;KRT10;KRT9;C4B;C3;C4A;C5;KRT19;KRT18;MASP1
KEGG_2021_Human,Proteasome,11/46,2.5174338597471717e-09,6.936928857969985e-08,0,0,14.760851648351649,292.2652429341247,PSMA6;PSMC5;PSMC6;PSMD14;PSMB2;PSMC3;PSMD13;PSMC4;PSMC1;PSMC2;PSME2
KEGG_2021_Human,PI3K-Akt signaling pathway,28/354,3.0400012327220758e-09,7.539203057150748e-08,0,0,4.143149284253579,81.25299067049505,YWHAE;LAMA5;TNXB;HSP90AB1;TNC;LAMC1;THBS1;THBS4;HSP90B1;THBS3;PPP2CA;COMP;VTN;RELN;YWHAQ;RAC1;PCK2;HSP90AA1;VWF;LAMB2;FN1;IGF2;LAMB1;YWHAZ;COL1A1;COL2A1;COL6A1;COL6A3
KEGG_2021_Human,Salmonella infection,22/249,2.146636643922233e-08,4.839689888115579e-07,0,0,4.629488225376625,81.74184806361643,ACTR3;DYNC1H1;ARF1;HSP90AA1;HSP90AB1;TUBB;CSE1L;AHNAK2;ARPC4;TUBB4B;ACTB;TUBA4A;HSP90B1;TUBA1C;TUBB3;TUBB1;RPS3;FLNA;FLNB;RAC1;PFN1;GAPDH
KEGG_2021_Human,Ribosome,17/158,5.064407109896828e-08,1.0466441360453443e-06,0,0,5.714305483480366,95.991438773944,RPL30;RPS9;RPLP1;RPL12;RPL22;RPLP0;RPSA;RPL10A;RPS14;RPS25;RPS16;RPS18;RPS3;RPS2;RPS27A;RPS10;RPS13
KEGG_2021_Human,Cholesterol metabolism,10/50,8.484891889119428e-08,1.5660191642685037e-06,0,0,11.71043165467626,190.67385727228407,LRP1;APOH;APOC2;ANGPTL8;APOA1;LCAT;APOC3;APOE;APOB;PLTP
KEGG_2021_Human,Amyotrophic lateral sclerosis,26/364,8.840430766031875e-08,1.5660191642685037e-06,0,0,3.689813926721657,59.92754148368561,VCP;PSMD14;PSMD13;DNAH8;ACTB;TUBA1C;ATP5F1B;PSMB2;TUBB3;TUBB1;RAC1;HNRNPA1;HSPA5;TUBB;TUBB4B;TUBA4A;PSMA6;PSMC5;PSMC6;PSMC3;PSMC4;PSMC1;PSMC2;SRSF3;ANG;PFN1
KEGG_2021_Human,Phagosome,16/152,1.7015643109922168e-07,2.8132529941737982e-06,0,0,5.563761270931731,86.71983010734455,DYNC1H1;C1R;TUBB;HLA-A;TUBB4B;THBS1;ACTB;TUBA4A;THBS4;THBS3;COMP;C3;TUBA1C;TUBB3;TUBB1;RAC1
KEGG_2021_Human,Human papillomavirus infection,24/331,2.1177071095586266e-07,3.2824460198158717e-06,0,0,3.7373121782074175,57.43412295196216,NOTCH3;LAMA5;TNXB;VWF;LAMB2;FN1;TNC;LAMB1;HLA-A;LAMC1;THBS1;THBS4;THBS3;COL1A1;PPP2CA;COMP;VTN;COL2A1;RELN;PKM;PARD3;PSMC1;COL6A1;COL6A3
KEGG_2021_Human,Parkinson disease,20/249,4.42422070804575e-07,6.4541572682079165e-06,0,0,4.150939347445898,60.73239981550247,PSMD14;HSPA5;PSMD13;TUBB;TUBB4B;TUBA4A;TUBA1C;PSMA6;PSMC5;ATP5F1B;PSMC6;PSMB2;PSMC3;PSMC4;TUBB3;PSMC1;PSMC2;TUBB1;UBA1;RPS27A
KEGG_2021_Human,Neutrophil extracellular trap formation,17/189,6.766525611659912e-07,9.322768620509213e-06,0,0,4.676928530913216,66.44095134776458,FGB;H2AZ1;FGA;VWF;FGG;MACROH2A2;MACROH2A1;ACTB;H2AC11;C3;H2BC12;C5;H2AC21;H2BC11;H4C1;RAC1;H3-3A
KEGG_2021_Human,Protein processing in endoplasmic reticulum,16/171,8.502281009487392e-07,1.1097714159751964e-05,0,0,4.876979828898831,68.16925927635458,PDIA3;HSPA8;VCP;HSP90AA1;SEC23A;HSP90AB1;HSPA5;RRBP1;PDIA6;HSP90B1;GANAB;LMAN2;HYOU1;MAN1A1;P4HB;HSPA1A
KEGG_2021_Human,Malaria,9/50,9.775418628955616e-07,1.2121519099904964e-05,0,0,10.25720620842572,141.9415245065718,COMP;TGFB1;LRP1;HBB;SDC1;HBA2;THBS1;THBS4;THBS3
KEGG_2021_Human,Pathogenic Escherichia coli infection,17/197,1.2084973896269692e-06,1.4271778696547066e-05,0,0,4.467222222222222,60.87096323288743,ACTR3;ARF1;TUBB;ARPC4;F2;TUBB4B;ACTB;TUBA4A;TUBA1C;TUBB3;NCL;TUBB1;RPS3;MYH9;RAC1;EZR;GAPDH
KEGG_2021_Human,Antigen processing and presentation,10/78,6.103658806750368e-06,6.880488109427689e-05,0,0,6.87861475525462,82.58892836574796,PDIA3;CD74;HSPA8;HSP90AA1;HSP90AB1;HSPA5;PSME2;HLA-A;CTSB;HSPA1A
KEGG_2021_Human,Proteoglycans in cancer,16/205,9.044758451234262e-06,9.752609112635204e-05,0,0,3.992636362466046,46.36778426186739,TGFB1;SDC4;LUM;FN1;IGF2;HSPG2;THBS1;ACTB;COL1A1;VTN;GPC3;SDC1;FLNA;FLNB;RAC1;EZR
KEGG_2021_Human,Amoebiasis,11/102,1.15139381735914e-05,0.00011897736112711112,0,0,5.660978444632291,64.37637651193926,COL1A1;LAMA5;TGFB1;LAMB2;ACTN1;C9;PRDX1;FN1;LAMB1;LAMC1;C8B
KEGG_2021_Human,Alzheimer disease,22/369,1.6127154337874217e-05,0.00015998137103171223,0,0,3.009727114242004,33.212357070586926,APP;PSMD14;LRP1;PSMD13;TUBB;TUBB4B;TUBA4A;RTN4;TUBA1C;PSMA6;PSMC5;ATP5F1B;PSMC6;PSMB2;PSMC3;PSMC4;TUBB3;PSMC1;PSMC2;TUBB1;APOE;GAPDH
KEGG_2021_Human,Legionellosis,8/57,2.673239861381764e-05,0.0002549859560087221,0,0,7.607617748770153,80.10543276547186,EEF1A1;EEF1G;C3;HSPA8;ARF1;VCP;HSPD1;HSPA1A
KEGG_2021_Human,Pertussis,9/76,3.407075205129012e-05,0.0003005916481492403,0,0,6.2684424766121545,64.48391440114592,C4B;C3;C4A;C5;C1S;C1R;CFL1;SERPING1;C4BPA
KEGG_2021_Human,Huntington disease,19/306,3.5035871578751194e-05,0.0003005916481492403,0,0,3.129346860695497,32.10440166637998,PSMD14;PSMD13;DNAH8;TUBB;CLTC;TUBB4B;TUBA4A;TUBA1C;PSMA6;PSMC5;ATP5F1B;PSMC6;PSMB2;PSMC3;PSMC4;TUBB3;PSMC1;PSMC2;TUBB1
KEGG_2021_Human,Citrate cycle (TCA cycle),6/30,3.51498298239031e-05,0.0003005916481492403,0,0,11.608669833729216,119.05724992909434,CS;ACLY;MDH2;IDH1;ACO1;PCK2
KEGG_2021_Human,Pyruvate metabolism,7/47,5.7908600490193325e-05,0.0004787110973855982,0,0,8.13875,79.4068915963429,LDHB;LDHA;PKM;MDH2;AKR1A1;ADH5;PCK2
KEGG_2021_Human,Tight junction,13/169,7.205273444537495e-05,0.0005764218755629996,0,0,3.90841384863124,37.27889014131431,ACTR3;PCNA;ACTN1;ARPC4;ACTB;TUBA4A;PPP2CA;TUBA1C;MYL6;PARD3;MYH9;RAC1;EZR
KEGG_2021_Human,Cysteine and methionine metabolism,7/50,8.704683151219595e-05,0.0006746129442195187,0,0,7.569767441860465,70.7702424810689,LDHB;LDHA;AHCY;MDH2;PSAT1;PHGDH;SRM
KEGG_2021_Human,Spliceosome,12/150,9.33473909096638e-05,0.0006971198684143212,0,0,4.072289156626506,37.78751483874009,HSPA8;HNRNPK;DDX39B;SNRPD1;SRSF1;PPIE;SRSF3;SNRPD3;HNRNPC;PRPF19;HNRNPA1;HSPA1A
KEGG_2021_Human,Pathways of neurodegeneration,24/475,9.557288518583437e-05,0.0006971198684143212,0,0,2.5250092158038657,23.37052934788933,APP;VCP;HSPA5;PSMD14;PSMD13;DNAH8;TUBB;TUBB4B;TUBA4A;PSMA6;TUBA1C;PSMC5;PSMC6;ATP5F1B;PSMC3;PSMB2;PSMC4;TUBB3;PSMC1;PSMC2;TUBB1;UBA1;RAC1;RPS27A
KEGG_2021_Human,HIF-1 signaling pathway,10/109,0.00011501543125915876,0.0008149664843506106,0,0,4.717195940217523,42.78706280971525,LDHB;LDHA;TF;SERPINE1;PGK1;SLC2A1;ALDOC;ENO1;ALDOA;GAPDH
KEGG_2021_Human,Viral carcinogenesis,14/203,0.0001245353701414357,0.0008579103276410016,0,0,3.476638866469375,31.258184646082,YWHAE;GSN;ACTN1;HLA-A;YWHAZ;C3;H2BC12;HNRNPK;PKM;YWHAQ;PSMC1;H2BC11;H4C1;RAC1
KEGG_2021_Human,Necroptosis,12/159,0.00016238717881488282,0.0010884329823267,0,0,3.821194984017704,33.34194031688168,H2AC11;H2AZ1;GLUD1;PYGB;HSP90AA1;HSP90AB1;FTH1;H2AC21;PYGL;MACROH2A2;PPIA;MACROH2A1
KEGG_2021_Human,Glutathione metabolism,7/57,0.00020268493211998272,0.001322785872783,0,0,6.507666666666666,55.34027222384326,G6PD;GSTA5;GSTO1;IDH1;PGD;PRDX6;SRM
KEGG_2021_Human,Spinocerebellar ataxia,11/143,0.0002559145814439656,0.0016273542614898,0,0,3.89443108974359,32.20954205668592,PSMA6;PSMC5;RELN;PSMC6;PSMD14;PSMB2;PSMC3;PSMD13;PSMC4;PSMC1;PSMC2
KEGG_2021_Human,Platelet activation,10/124,0.0003317766972560184,0.0020570155229873,0,0,4.093356893432622,32.792080248947265,RAP1B;COL1A1;FGB;FGA;VWF;FGG;TLN1;F2;ACTB;FERMT3
KEGG_2021_Human,Pentose phosphate pathway,5/30,0.000397458769774894,0.0024041408513213,0,0,9.264454976303318,72.54456754224238,G6PD;ALDOC;PGD;ALDOA;TKT
KEGG_2021_Human,Amino sugar and nucleotide sugar metabolism,6/48,0.0005254413861602442,0.0031026062801842,0,0,6.627417712928402,50.04543323168295,UGDH;CHIA;UGP2;HEXB;NANS;GALK1
KEGG_2021_Human,Central carbon metabolism in cancer,7/70,0.0007248625918890703,0.0041152280292988,0,0,5.161375661375661,37.31431218247868,LDHB;G6PD;LDHA;PKM;PGAM1;IDH1;SLC2A1
KEGG_2021_Human,Estrogen signaling pathway,10/137,0.0007301211019723795,0.0041152280292988,0,0,3.671897127966918,26.519543157786117,HSPA8;HSP90AA1;KRT19;HSP90AB1;KRT18;KRT10;CTSD;KRT9;HSP90B1;HSPA1A
KEGG_2021_Human,Fluid shear stress and atherosclerosis,10/139,0.0008169197335253358,0.0045021354203174,0,0,3.6145966947372337,25.699673025411045,HSP90AA1;HSP90AB1;GSTA5;SDC4;GSTO1;SDC1;RAC1;ACTB;ASS1;HSP90B1
KEGG_2021_Human,Bacterial invasion of epithelial cells,7/77,0.0012802179906085,0.0069020448189328,0,0,4.643571428571429,30.92955188745168,ACTR3;CLTC;FN1;ARPC4;RAC1;SEPTIN9;ACTB
KEGG_2021_Human,Various types of N-glycan biosynthesis,5/39,0.0013719995188279,0.0072394868227516,0,0,6.808962921661555,44.881184456182666,B4GALT1;MAN2A1;HEXB;MAN1A1;ALG1
KEGG_2021_Human,Glucagon signaling pathway,8/107,0.0020918075948615,0.0108076725734512,0,0,3.755743593452424,23.171911560200755,LDHB;PYGB;LDHA;PKM;PGAM1;SLC2A1;PYGL;PCK2
KEGG_2021_Human,Lipid and atherosclerosis,12/215,0.0023438062025424,0.0116883677657632,0,0,2.759095495281619,16.709024623377037,RAP1B;HSPA8;HSP90AA1;HSP90AB1;HSPA5;APOA1;RAC1;LBP;APOB;HSPA1A;HSP90B1;HSPD1
KEGG_2021_Human,Non-homologous end-joining,3/13,0.0023565257592264,0.0116883677657632,0,0,13.841745283018868,83.75040557806018,FEN1;XRCC6;XRCC5
KEGG_2021_Human,Regulation of actin cytoskeleton,12/218,0.0026265885152654,0.0127724304271729,0,0,2.718493391039888,16.1534764400157,ACTR3;GSN;ACTN1;CFL1;FN1;MYH9;ARPC4;RAC1;EZR;PFN1;F2;ACTB
KEGG_2021_Human,Hippo signaling pathway,10/163,0.0026935218244213,0.0128460271626251,0,0,3.0438394382533187,18.010110962420246,YWHAE;PPP2CA;TGFB1;YWHAQ;PARD3;SERPINE1;CCN2;AFP;YWHAZ;ACTB
KEGG_2021_Human,Glyoxylate and dicarboxylate metabolism,4/30,0.0036173696398242,0.0169265598240832,0,0,7.109292598654301,39.96850083149991,CS;SHMT2;MDH2;ACO1
KEGG_2021_Human,N-Glycan biosynthesis,5/50,0.0041698689352561,0.0190494335760478,0,0,5.141653501843075,28.17559624092565,GANAB;B4GALT1;MAN2A1;MAN1A1;ALG1
KEGG_2021_Human,Epstein-Barr virus infection,11/202,0.0042246727688815,0.0190494335760478,0,0,2.683271244462344,14.668943389128426,PDIA3;PSMC5;PSMC6;PSMC3;PSMD14;PSMC4;PSMD13;PSMC1;PSMC2;HLA-A;RAC1
KEGG_2021_Human,Pentose and glucuronate interconversions,4/34,0.0057252364507108,0.0253546185674336,0,0,6.160126083530339,31.80393895545318,UGDH;UGP2;DCXR;AKR1A1
KEGG_2021_Human,Lysosome,8/128,0.006246471011287,0.0271776282596346,0,0,3.0951471758154336,15.710158032882656,HEXB;PSAP;CLTC;AP1B1;MAN2B1;CTSD;IGF2R;CTSB
KEGG_2021_Human,Protein digestion and absorption,7/103,0.0065901542945388,0.028178590776649,0,0,3.381423611111111,16.982113017635093,COL1A1;COL18A1;CPA1;CPB2;COL2A1;COL6A1;COL6A3
KEGG_2021_Human,Shigellosis,12/246,0.0068416834409258,0.0285941072419574,0,0,2.3897435897435897,11.912206156971068,C3;ACTR3;ARF1;ACTN1;ARPC4;RAC1;PFN1;TLN1;RPS27A;SEPTIN9;ACTB;H3-3A
KEGG_2021_Human,Starch and sucrose metabolism,4/36,0.0070332279909653,0.0285941072419574,0,0,5.77452718676123,28.62496360361424,PYGB;UGP2;AMY1A;PYGL
KEGG_2021_Human,Tyrosine metabolism,4/36,0.0070332279909653,0.0285941072419574,0,0,5.77452718676123,28.62496360361424,HGD;TYRP1;MIF;ADH5
KEGG_2021_Human,Endocytosis,12/252,0.0082146540835392,0.0328586163341571,0,0,2.329277108433735,11.184805826064746,ACTR3;HSPA8;EHD3;ARF1;PARD3;CLTC;VPS35;ARPC4;HLA-A;IGF2R;RAB11B;HSPA1A
KEGG_2021_Human,One carbon pool by folate,3/20,0.0084092914868757,0.0331032426784949,0,0,8.139289678135405,38.8929287533109,ALDH1L1;ATIC;SHMT2
KEGG_2021_Human,"Glycine, serine and threonine metabolism",4/40,0.0102087989851001,0.0391080888267616,0,0,5.131862358812714,23.527050105657658,SHMT2;PSAT1;PGAM1;PHGDH
KEGG_2021_Human,Toxoplasmosis,7/112,0.0102501039263689,0.0391080888267616,0,0,3.09015873015873,14.15437143028262,HSPA8;LAMA5;TGFB1;LAMB2;LAMB1;LAMC1;HSPA1A
KEGG_2021_Human,Gap junction,6/88,0.0113962002171055,0.0428220856642754,0,0,3.3875789351717747,15.157638249977554,TUBA1C;TUBB3;TUBB;TUBB1;TUBB4B;TUBA4A
KEGG_2021_Human,Adherens junction,5/71,0.0178455938242281,0.0660553323643071,0,0,3.5019029154100245,14.098656395194238,ACTN1;PARD3;RAC1;ACTB;PTPRF
KEGG_2021_Human,Alcoholism,9/186,0.0187549436063193,0.0684003825642236,0,0,2.359419349606682,9.381754210519976,H2AC11;H2BC12;H2AZ1;H2AC21;H2BC11;H4C1;MACROH2A2;MACROH2A1;H3-3A
KEGG_2021_Human,AGE-RAGE signaling pathway in diabetic complications,6/100,0.0203043941140936,0.0729781121781916,0,0,2.953302673472482,11.508778222293635,COL1A1;TGFB1;SERPINE1;FN1;RAC1;AGT
KEGG_2021_Human,Arginine and proline metabolism,4/50,0.0218002991536789,0.0772353455730339,0,0,4.01418439716312,15.357593461245754,OAT;P4HA1;PYCR1;SRM
KEGG_2021_Human,Pancreatic secretion,6/102,0.0221471122654883,0.0773589273498749,0,0,2.891478622327791,11.016672812634878,RAP1B;CPA1;CPB2;AMY1A;PLA2G2A;RAC1
KEGG_2021_Human,Galactose metabolism,3/31,0.0279152628076189,0.0961525718929098,0,0,4.938931940700809,17.674371389899825,B4GALT1;UGP2;GALK1
KEGG_2021_Human,Insulin resistance,6/108,0.0283420752326166,0.0962854062697112,0,0,2.720553304457175,9.694440922893184,PYGB;SLC2A1;PYGL;PTPRF;AGT;PCK2
KEGG_2021_Human,Diabetic cardiomyopathy,9/203,0.0307341325317413,0.1030008765928628,0,0,2.1507793617126225,7.489834116007037,COL1A1;G6PD;ATP5F1B;TGFB1;SLC2A1;RAC1;CTSD;GAPDH;AGT
KEGG_2021_Human,Fructose and mannose metabolism,3/33,0.0328473386476204,0.1074905531546166,0,0,4.609198113207548,15.744488634901204,TPI1;ALDOC;ALDOA
KEGG_2021_Human,Apoptosis,7/142,0.0329406533860921,0.1074905531546166,0,0,2.399753086419753,8.190471797254624,TUBA1C;LMNA;CTSD;SPTAN1;ACTB;TUBA4A;CTSB
KEGG_2021_Human,Pathways in cancer,18/531,0.0371404680323916,0.1196212476887418,0,0,1.635139192725089,5.384592046660036,NOTCH3;LAMA5;HSP90AA1;HSP90AB1;TGFB1;GSTO1;LAMB2;FN1;IGF2;SLC2A1;LAMB1;LAMC1;F2;AGT;HSP90B1;EML4;GSTA5;RAC1
KEGG_2021_Human,African trypanosomiasis,3/37,0.0439715543613759,0.1398069933541183,0,0,4.066107103218646,12.703382011695336,HBB;APOA1;HBA2
KEGG_2021_Human,Small cell lung cancer,5/92,0.0471679613595664,0.1480715749009173,0,0,2.6537560603584462,8.104678224389898,LAMA5;LAMB2;FN1;LAMB1;LAMC1
KEGG_2021_Human,Other glycan degradation,2/18,0.0555482327902711,0.1721995216498406,0,0,5.752058823529412,16.62634660083885,HEXB;MAN2B1
KEGG_2021_Human,Fc gamma R-mediated phagocytosis,5/97,0.0568186353313481,0.1739632291626461,0,0,2.5088862559241707,7.19521211329048,ACTR3;GSN;CFL1;ARPC4;RAC1
KEGG_2021_Human,Renal cell carcinoma,4/69,0.0599774702073857,0.1813952757491666,0,0,2.838043280596472,7.985647255830116,RAP1B;TGFB1;SLC2A1;RAC1
KEGG_2021_Human,Fat digestion and absorption,3/43,0.0636847489031707,0.1902869605781486,0,0,3.455129716981132,9.514771338580209,PLA2G2A;APOA1;APOB
KEGG_2021_Human,PPAR signaling pathway,4/74,0.0736250752190145,0.2173692696942335,0,0,2.634650455927052,6.873196056518064,APOA1;APOC3;PLTP;PCK2
KEGG_2021_Human,Thyroid hormone synthesis,4/75,0.0765283010175169,0.22328257238052,0,0,2.597409516198848,6.675588323836912,HSPA5;ALB;SERPINA7;HSP90B1
KEGG_2021_Human,Arginine biosynthesis,2/22,0.0793578801883875,0.2288459800781409,0,0,4.600705882352941,11.657211183313237,GLUD1;ASS1
KEGG_2021_Human,Mannose type O-glycan biosynthesis,2/23,0.0857289044925117,0.2415996399334423,0,0,4.3814005602240895,10.763196296641668,B4GALT1;B4GAT1
KEGG_2021_Human,Proximal tubule bicarbonate reclamation,2/23,0.0857289044925117,0.2415996399334423,0,0,4.3814005602240895,10.763196296641668,GLUD1;PCK2
KEGG_2021_Human,Tuberculosis,7/180,0.0917909313650405,0.2541939939676273,0,0,1.8689788053949905,4.463573256098988,C3;HSPA9;CD74;TGFB1;LBP;CTSD;HSPD1
KEGG_2021_Human,Vitamin digestion and absorption,2/24,0.0922478203914776,0.2541939939676273,0,0,4.182032085561497,9.966939308384852,APOA1;APOB
KEGG_2021_Human,Axon guidance,7/182,0.0959098189626837,0.2613806055246765,0,0,1.8474285714285716,4.331013471777115,DPYSL5;DPYSL2;PARD3;CFL1;SEMA3B;PLXNB2;RAC1
KEGG_2021_Human,Leukocyte transendothelial migration,5/114,0.0974116747900128,0.2625879929122086,0,0,2.1157441627896865,4.92716449472657,RAP1B;ACTN1;RAC1;EZR;ACTB
KEGG_2021_Human,D-Glutamine and D-glutamate metabolism,1/5,0.1022975356675499,0.2727934284467997,0,0,11.484154929577464,26.182376803357883,GLUD1
KEGG_2021_Human,AMPK signaling pathway,5/120,0.114488946342306,0.3020559435414032,0,0,2.004739336492891,4.344825453258496,PPP2CA;FASN;EEF2;PCK2;RAB11B
KEGG_2021_Human,Vitamin B6 metabolism,1/6,0.1214682457794529,0.3170960521400454,0,0,9.186854460093898,19.366829953865945,PSAT1
KEGG_2021_Human,Hypertrophic cardiomyopathy,4/90,0.1265357603139565,0.3237167507360044,0,0,2.142723624168453,4.429503244407692,TGFB1;LMNA;ACTB;AGT
KEGG_2021_Human,Cell cycle,5/124,0.1266150194410985,0.3237167507360044,0,0,1.9369548767374247,4.002918965967518,YWHAE;TGFB1;PCNA;YWHAQ;YWHAZ
KEGG_2021_Human,Ascorbate and aldarate metabolism,2/30,0.1339748549852749,0.3390384085341651,0,0,3.284873949579832,6.602935460274344,UGDH;AKR1A1
KEGG_2021_Human,Viral myocarditis,3/60,0.136490732275163,0.3419093871512294,0,0,2.422542204568024,4.8244893169805945,RAC1;HLA-A;ACTB
KEGG_2021_Human,Salivary secretion,4/93,0.1378666883674312,0.3419093871512294,0,0,2.070178234653492,4.101992106475627,CST3;DMBT1;AMY1A;LYZ
KEGG_2021_Human,IL-17 signaling pathway,4/94,0.1417317909450156,0.3432510355380199,0,0,2.047071184659837,3.9996061728296297,HSP90AA1;HSP90AB1;SRSF1;HSP90B1
KEGG_2021_Human,TGF-beta signaling pathway,4/94,0.1417317909450156,0.3432510355380199,0,0,2.047071184659837,3.9996061728296297,PPP2CA;TGFB1;FMOD;THBS1
KEGG_2021_Human,Purine metabolism,5/129,0.1425599058887744,0.3432510355380199,0,0,1.8583741018192936,3.620099696030733,ATIC;PKM;ADK;PAICS;APRT
KEGG_2021_Human,Dilated cardiomyopathy,4/96,0.1495888317704969,0.3567118296065697,0,0,2.002364066193853,3.8042211466505216,TGFB1;LMNA;ACTB;AGT
KEGG_2021_Human,Lysine degradation,3/63,0.1514450624660277,0.3576988142054749,0,0,2.301061320754717,4.34332766795326,PLOD3;PLOD2;PLOD1
KEGG_2021_Human,Base excision repair,2/33,0.1561602382879523,0.3641764690204888,0,0,2.966527514231499,5.508463748495206,FEN1;PCNA
KEGG_2021_Human,Riboflavin metabolism,1/8,0.1585929784444064,0.3641764690204888,0,0,6.561368209255533,12.082196873203394,BLVRB
KEGG_2021_Human,Sulfur relay system,1/8,0.1585929784444064,0.3641764690204888,0,0,6.561368209255533,12.082196873203394,MOCS3
KEGG_2021_Human,Propanoate metabolism,2/34,0.1637032526791302,0.3690768801095948,0,0,2.873676470588235,5.20049209342999,LDHB;LDHA
KEGG_2021_Human,Rap1 signaling pathway,7/210,0.1637034548873202,0.3690768801095948,0,0,1.590311986863711,2.877985519056093,RAP1B;PARD3;RAC1;PFN1;TLN1;THBS1;ACTB
KEGG_2021_Human,Aminoacyl-tRNA biosynthesis,3/66,0.1668905480982067,0.3725537568489179,0,0,2.1911500449236296,3.9230724697522863,AARS1;RARS1;VARS1
KEGG_2021_Human,Insulin signaling pathway,5/137,0.1697523166287408,0.3725537568489179,0,0,1.7450272870888983,3.094657331345662,PYGB;FASN;PYGL;PTPRF;PCK2
KEGG_2021_Human,Yersinia infection,5/137,0.1697523166287408,0.3725537568489179,0,0,1.7450272870888983,3.094657331345662,ACTR3;FN1;ARPC4;RAC1;ACTB
KEGG_2021_Human,Chagas disease,4/102,0.1741083305840617,0.378761982323222,0,0,1.8791913928692043,3.284972349793572,C3;PPP2CA;TGFB1;SERPINE1
KEGG_2021_Human,DNA replication,2/36,0.1789726138105923,0.3859583323915383,0,0,2.7043598615916955,4.652911936738009,FEN1;PCNA
KEGG_2021_Human,"Alanine, aspartate and glutamate metabolism",2/37,0.1866869627140246,0.3991238513196389,0,0,2.626957983193277,4.408881536530341,GLUD1;ASS1
KEGG_2021_Human,RNA transport,6/186,0.2078627316705657,0.4405979269598317,0,0,1.535471100554236,2.412036790378241,EEF1A1;EIF4A1;EIF5;DDX39B;KPNB1;RAN
KEGG_2021_Human,Cell adhesion molecules,5/148,0.2100809283103975,0.4415260188218525,0,0,1.6098830079872737,2.511840005603719,SDC4;CNTN1;SDC1;HLA-A;PTPRF
KEGG_2021_Human,Ferroptosis,2/41,0.2179459045149038,0.4542065909218165,0,0,2.357043740573152,3.590975917690724,TF;FTH1
KEGG_2021_Human,Metabolism of xenobiotics by cytochrome P450,3/76,0.221221886031582,0.4571918977986028,0,0,1.890023261824761,2.851268438523587,GSTA5;GSTO1;ADH5
KEGG_2021_Human,Leishmaniasis,3/77,0.2268455644404167,0.4649396692663087,0,0,1.86438679245283,2.765791380587294,EEF1A1;C3;TGFB1
KEGG_2021_Human,Porphyrin and chlorophyll metabolism,2/43,0.233745155041595,0.4712910443115087,0,0,2.2418364418938306,3.258562709465375,BLVRB;BLVRA
KEGG_2021_Human,Type I diabetes mellitus,2/43,0.233745155041595,0.4712910443115087,0,0,2.2418364418938306,3.258562709465375,HLA-A;HSPD1
KEGG_2021_Human,RNA degradation,3/79,0.2381723766287476,0.4763447532574953,0,0,1.8151377855014896,2.604288170801876,HSPA9;ENO1;HSPD1
KEGG_2021_Human,Vasopressin-regulated water reabsorption,2/44,0.2416708152599921,0.4794748974758244,0,0,2.188347338935574,3.107844380387544,DYNC1H1;RAB11B
KEGG_2021_Human,Glycosphingolipid biosynthesis,2/45,0.2496080762343497,0.4912920865564978,0,0,2.13734610123119,2.9663441840199125,B4GALT1;HEXB
KEGG_2021_Human,Peroxisome,3/82,0.2553343609099993,0.4986056811470852,0,0,1.7459398137090996,2.383524512868464,PRDX1;IDH1;HSD17B4
KEGG_2021_Human,Hepatitis B,5/162,0.2652347752159196,0.5104208720093695,0,0,1.4652700214326682,1.944618311185104,TGFB1;PCNA;YWHAQ;HSPG2;YWHAZ
KEGG_2021_Human,Other types of O-glycan biosynthesis,2/47,0.2655011793919704,0.5104208720093695,0,0,2.042143790849673,2.7081603903716003,B4GALT1;PLOD3
KEGG_2021_Human,Intestinal immune network for IgA production,2/48,0.2734493278621343,0.5216571793062256,0,0,1.997647058823529,2.5902269791985653,PIGR;TGFB1
KEGG_2021_Human,Vibrio cholerae infection,2/50,0.2893307802906875,0.544508550847183,0,0,1.9142156862745097,2.373980962416377,ARF1;ACTB
KEGG_2021_Human,Hepatocellular carcinoma,5/168,0.2898190673864038,0.544508550847183,0,0,1.4108975663652488,1.7473944579066576,TGFB1;GSTA5;GSTO1;IGF2;ACTB
KEGG_2021_Human,MAPK signaling pathway,8/294,0.2930092262411831,0.5463630684798001,0,0,1.2875811539296027,1.5805717668903845,RAP1B;HSPA8;TGFB1;IGF2;FLNA;FLNB;RAC1;HSPA1A
KEGG_2021_Human,Oocyte meiosis,4/129,0.2970835823717693,0.5498263315537223,0,0,1.471243498817967,1.7857096701776969,YWHAE;PPP2CA;YWHAQ;YWHAZ
KEGG_2021_Human,Nitrogen metabolism,1/17,0.3072099125552024,0.5561172139685416,0,0,2.8692781690140845,3.3863909887257964,GLUD1
KEGG_2021_Human,Phenylalanine metabolism,1/17,0.3072099125552024,0.5561172139685416,0,0,2.8692781690140845,3.3863909887257964,MIF
KEGG_2021_Human,Primary bile acid biosynthesis,1/17,0.3072099125552024,0.5561172139685416,0,0,2.8692781690140845,3.3863909887257964,HSD17B4
KEGG_2021_Human,Glycosaminoglycan biosynthesis,2/53,0.3130662477302158,0.5626118075151704,0,0,1.8013379469434834,2.0919666340597765,EXT1;B4GALT1
KEGG_2021_Human,Vascular smooth muscle contraction,4/133,0.3163372510508924,0.5644002752562685,0,0,1.4253303278538312,1.6404787873345723,MYL6;PLA2G2A;MYH9;AGT
KEGG_2021_Human,Fatty acid biosynthesis,1/18,0.3220135407455065,0.5704239864634687,0,0,2.7003590168461757,3.0599433663898616,FASN
KEGG_2021_Human,Glycosaminoglycan degradation,1/19,0.3365015676481269,0.5918609133101808,0,0,2.550208659363589,2.7775660634759403,HEXB
KEGG_2021_Human,Prostate cancer,3/97,0.3427492944605235,0.598604401593027,0,0,1.4662033319951826,1.569946042824271,HSP90AA1;HSP90AB1;HSP90B1
KEGG_2021_Human,Mineral absorption,2/60,0.3676436027930583,0.6375917027460032,0,0,1.583367139959432,1.584382522834342,TF;FTH1
KEGG_2021_Human,Arachidonic acid metabolism,2/61,0.3753122824074753,0.6463711530350964,0,0,1.5564506480558324,1.5253167267833918,PLA2G2A;AKR1C3
KEGG_2021_Human,Terpenoid backbone biosynthesis,1/22,0.3781384597057053,0.6467471586690684,0,0,2.185557791191594,2.125443707052421,PCYOX1
KEGG_2021_Human,Mismatch repair,1/23,0.3914298004836875,0.655909395405098,0,0,2.086107554417413,1.9566626796761768,PCNA
KEGG_2021_Human,Protein export,1/23,0.3914298004836875,0.655909395405098,0,0,2.086107554417413,1.9566626796761768,HSPA5
KEGG_2021_Human,Renin-angiotensin system,1/23,0.3914298004836875,0.655909395405098,0,0,2.086107554417413,1.9566626796761768,AGT
KEGG_2021_Human,Th17 cell differentiation,3/107,0.4008324913085323,0.6651639812363677,0,0,1.324541908563135,1.2109116653886565,HSP90AA1;TGFB1;HSP90AB1
KEGG_2021_Human,Chemical carcinogenesis,6/239,0.4023169241348998,0.6651639812363677,0,0,1.182959028676868,1.0771020966994007,HSP90AA1;GSTA5;HSP90AB1;GSTO1;KPNB1;HSP90B1
KEGG_2021_Human,Drug metabolism,3/108,0.406573661857329,0.6677501201365404,0,0,1.311859838274933,1.1806609410628817,GSTA5;GSTO1;ADH5
KEGG_2021_Human,alpha-Linolenic acid metabolism,1/25,0.4171682172545817,0.6806428807837912,0,0,1.9120696400625976,1.671656978484739,PLA2G2A
KEGG_2021_Human,Cellular senescence,4/156,0.4274622388297804,0.6829985078737965,0,0,1.2082244618638796,1.0268570720150376,TGFB1;RBBP4;SERPINE1;HLA-A
KEGG_2021_Human,Retinol metabolism,2/68,0.4278212463658948,0.6829985078737965,0,0,1.390873440285205,1.1809208431678802,ALDH1A1;ADH5
KEGG_2021_Human,Folate biosynthesis,1/26,0.4296272256103878,0.6829985078737965,0,0,1.835492957746479,1.5506930310897251,AKR1C3
KEGG_2021_Human,Hepatitis C,4/157,0.4322290118263538,0.6829985078737965,0,0,1.2002657643041457,1.0067825765018528,YWHAE;PPP2CA;YWHAQ;YWHAZ
KEGG_2021_Human,Adipocytokine signaling pathway,2/69,0.4351361461454026,0.6829985078737965,0,0,1.3700438981562777,1.1400084820811338,SLC2A1;PCK2
KEGG_2021_Human,Renin secretion,2/69,0.4351361461454026,0.6829985078737965,0,0,1.3700438981562777,1.1400084820811338,AGT;CTSB
KEGG_2021_Human,Biosynthesis of unsaturated fatty acids,1/27,0.4418205114918652,0.6891288481130979,0,0,1.7648067894546768,1.4415851825517176,HSD17B4
KEGG_2021_Human,p53 signaling pathway,2/73,0.4638773747743228,0.7127360441816376,0,0,1.2925932062966032,0.9928861344643612,SERPINE1;THBS1
KEGG_2021_Human,Linoleic acid metabolism,1/29,0.4654324127172125,0.7127360441816376,0,0,1.6385814889336017,1.2531680917273045,PLA2G2A
KEGG_2021_Human,Neurotrophin signaling pathway,3/119,0.4684515129097053,0.7127360441816376,0,0,1.1867883864671438,0.8999685462375079,RAP1B;YWHAE;RAC1
KEGG_2021_Human,Sphingolipid signaling pathway,3/119,0.4684515129097053,0.7127360441816376,0,0,1.1867883864671438,0.8999685462375079,PPP2CA;RAC1;CTSD
KEGG_2021_Human,Human immunodeficiency virus 1 infection,5/212,0.4744485770230343,0.7174588237909298,0,0,1.1084781463928384,0.8264835670027426,PDIA3;CFL1;AP1B1;HLA-A;RAC1
KEGG_2021_Human,Thyroid hormone signaling pathway,3/121,0.4794017225629461,0.7200318346443623,0,0,1.1665534058202751,0.8576691532337426,NOTCH3;SLC2A1;ACTB
KEGG_2021_Human,Gastric acid secretion,2/76,0.4848601467161633,0.7200318346443623,0,0,1.24,0.8976295357732006,EZR;ACTB
KEGG_2021_Human,Pancreatic cancer,2/76,0.4848601467161633,0.7200318346443623,0,0,1.24,0.8976295357732006,TGFB1;RAC1
KEGG_2021_Human,RNA polymerase,1/31,0.4880477296212553,0.7204514103932816,0,0,1.529186228482003,1.0969496165592465,POLR3B
KEGG_2021_Human,Arrhythmogenic right ventricular cardiomyopathy,2/77,0.4917405324556806,0.7216074085740166,0,0,1.2234039215686274,0.8683770884813399,LMNA;ACTB
KEGG_2021_Human,Human T-cell leukemia virus 1 infection,5/219,0.5029080859180477,0.7336541488686813,0,0,1.0718319528723923,0.7367213962494786,TGFB1;SLC2A1;HLA-A;TLN1;RAN
KEGG_2021_Human,NOD-like receptor signaling pathway,4/181,0.5422534901723047,0.786426114401939,0,0,1.0362356586662391,0.6341987019902287,YWHAE;HSP90AA1;HSP90AB1;CTSB
KEGG_2021_Human,Colorectal cancer,2/86,0.5509783548693776,0.7944339070209631,0,0,1.0918207282913166,0.650790394673199,TGFB1;RAC1
KEGG_2021_Human,Allograft rejection,1/38,0.5599434385421739,0.797567348406349,0,0,1.2394366197183098,0.71877346845413,HLA-A
KEGG_2021_Human,Apelin signaling pathway,3/137,0.5627995402060931,0.797567348406349,0,0,1.0264186144747958,0.590018029656367,NOTCH3;SERPINE1;CCN2
KEGG_2021_Human,Autophagy,3/137,0.5627995402060931,0.797567348406349,0,0,1.0264186144747958,0.590018029656367,PPP2CA;CTSD;CTSB
KEGG_2021_Human,Measles,3/139,0.5726434311060716,0.8069066529221919,0,0,1.0112201720310765,0.5637471968467727,HSPA8;RACK1;HSPA1A
KEGG_2021_Human,Ubiquitin mediated proteolysis,3/140,0.5775135648108886,0.8091715484355952,0,0,1.003787357113345,0.5511026954945096,UBA1;PRPF19;RPS27A
KEGG_2021_Human,Bladder cancer,1/41,0.5875842438676426,0.81865669932121,0,0,1.1463028169014085,0.609530072784462,THBS1
KEGG_2021_Human,Kaposi sarcoma-associated herpesvirus infection,4/193,0.5930294180252423,0.821627350113185,0,0,0.9698425206699438,0.5067536495061241,C3;HLA-A;RAC1;RPS27A
KEGG_2021_Human,Graft-versus-host disease,1/42,0.5964073808514331,0.8217168358397522,0,0,1.1182869575174623,0.5779657249461286,HLA-A
KEGG_2021_Human,Fatty acid degradation,1/43,0.6050421893724834,0.8290080826761099,0,0,1.0916051866756091,0.5484847643062394,ADH5
KEGG_2021_Human,Phospholipase D signaling pathway,3/148,0.6151993342893213,0.8364339411590468,0,0,0.9480156148340924,0.4605544636912363,ARF1;F2;AGT
KEGG_2021_Human,Glycerophospholipid metabolism,2/98,0.6221285754557677,0.8364339411590468,0,0,0.9547549019607844,0.4531347867828877,PLA2G2A;LCAT
KEGG_2021_Human,mRNA surveillance pathway,2/98,0.6221285754557677,0.8364339411590468,0,0,0.9547549019607844,0.4531347867828877,PPP2CA;DDX39B
KEGG_2021_Human,Type II diabetes mellitus,1/46,0.6298563255690012,0.8364339411590468,0,0,1.0186750130412103,0.4708963179001365,PKM
KEGG_2021_Human,Progesterone-mediated oocyte maturation,2/100,0.6331046403920393,0.8364339411590468,0,0,0.9351740696278512,0.4274863609371949,HSP90AA1;HSP90AB1
KEGG_2021_Human,Carbohydrate digestion and absorption,1/47,0.6377770829470361,0.8364339411590468,0,0,0.9964788732394366,0.4481827717553553,AMY1A
KEGG_2021_Human,Nucleotide excision repair,1/47,0.6377770829470361,0.8364339411590468,0,0,0.9964788732394366,0.4481827717553553,PCNA
KEGG_2021_Human,Oxytocin signaling pathway,3/154,0.6419387053743603,0.8364339411590468,0,0,0.9100649756341372,0.4033976347129389,MYL6;EEF2;ACTB
KEGG_2021_Human,Longevity regulating pathway,2/102,0.6438303427288548,0.8364339411590468,0,0,0.9163764705882352,0.4034989155270906,HSPA8;HSPA1A
KEGG_2021_Human,MicroRNAs in cancer,6/310,0.652197602887433,0.8364339411590468,0,0,0.9033472934116764,0.386097580901715,NOTCH3;HNRNPK;TNXB;TNC;EZR;THBS1
KEGG_2021_Human,Ether lipid metabolism,1/49,0.6531148706551215,0.8364339411590468,0,0,0.9548611111111112,0.4067729846297044,PLA2G2A
KEGG_2021_Human,Sphingolipid metabolism,1/49,0.6531148706551215,0.8364339411590468,0,0,0.9548611111111112,0.4067729846297044,PSAP
KEGG_2021_Human,Toll-like receptor signaling pathway,2/104,0.6543071959066737,0.8364339411590468,0,0,0.898316032295271,0.381046184776029,LBP;RAC1
KEGG_2021_Human,Ovarian steroidogenesis,1/51,0.6678046559919528,0.8493105368513041,0,0,0.9165727699530516,0.3700750360505305,AKR1C3
KEGG_2021_Human,Ribosome biogenesis in eukaryotes,2/108,0.6745219720413611,0.8534767809502937,0,0,0.8642397336293007,0.3402952840412476,EIF6;RAN
KEGG_2021_Human,Autoimmune thyroid disease,1/53,0.6818737547729099,0.8540640968872811,0,0,0.8812296858071506,0.3374323186610016,HLA-A
KEGG_2021_Human,Endocrine and other factor-regulated calcium reabsorption,1/53,0.6818737547729099,0.8540640968872811,0,0,0.8812296858071506,0.3374323186610016,CLTC
KEGG_2021_Human,Wnt signaling pathway,3/166,0.6914144389849807,0.8616622154184684,0,0,0.8425454334992476,0.3109126344891756,SERPINF1;RAC1;NOTUM
KEGG_2021_Human,Influenza A,3/172,0.7141518850197355,0.8824171839230015,0,0,0.8123813776934241,0.2734960019675426,PLG;ACTB;RAB11B
KEGG_2021_Human,Notch signaling pathway,1/59,0.720613142428163,0.8824171839230015,0,0,0.7898251578436134,0.258788458172228,NOTCH3
KEGG_2021_Human,VEGF signaling pathway,1/59,0.720613142428163,0.8824171839230015,0,0,0.7898251578436134,0.258788458172228,RAC1
KEGG_2021_Human,Long-term depression,1/60,0.7265956697012218,0.8824171839230015,0,0,0.776398504018461,0.2479701285090912,PPP2CA
KEGG_2021_Human,Glycerolipid metabolism,1/61,0.7324503855189374,0.8824171839230015,0,0,0.7634194053208138,0.2376980167574203,AKR1A1
KEGG_2021_Human,Steroid hormone biosynthesis,1/61,0.7324503855189374,0.8824171839230015,0,0,0.7634194053208138,0.2376980167574203,AKR1C3
KEGG_2021_Human,Ras signaling pathway,4/232,0.7329755640650739,0.8824171839230015,0,0,0.8023308863174484,0.2492384049460949,RAP1B;PLA2G2A;IGF2;RAC1
KEGG_2021_Human,Neuroactive ligand-receptor interaction,6/341,0.7388389221673625,0.8830653755518251,0,0,0.8184351402134222,0.2477201417711853,C3;C5;PARD3;PLG;F2;AGT
KEGG_2021_Human,Cytosolic DNA-sensing pathway,1/63,0.7437872219129216,0.8830653755518251,0,0,0.738717249734969,0.2186605106238651,POLR3B
KEGG_2021_Human,Cortisol synthesis and secretion,1/65,0.754644758268063,0.8830653755518251,0,0,0.7155589788732394,0.2014356910218435,AGT
KEGG_2021_Human,Inflammatory bowel disease,1/65,0.754644758268063,0.8830653755518251,0,0,0.7155589788732394,0.2014356910218435,TGFB1
KEGG_2021_Human,Osteoclast differentiation,2/127,0.7577023178138454,0.8830653755518251,0,0,0.73216,0.2031485481895695,TGFB1;RAC1
KEGG_2021_Human,Long-term potentiation,1/67,0.765043212754099,0.8830653755518251,0,0,0.6938042395788875,0.1858167047512027,RAP1B
KEGG_2021_Human,Relaxin signaling pathway,2/129,0.7652958956625125,0.8830653755518251,0,0,0.7205558128763316,0.1927434402243344,COL1A1;TGFB1
KEGG_2021_Human,Fc epsilon RI signaling pathway,1/68,0.77007636892466,0.8830653755518251,0,0,0.6834139163338239,0.1785525391294531,RAC1
KEGG_2021_Human,Mitophagy,1/68,0.77007636892466,0.8830653755518251,0,0,0.6834139163338239,0.1785525391294531,RPS27A
KEGG_2021_Human,FoxO signaling pathway,2/131,0.772682203607847,0.8830653755518251,0,0,0.709311445508436,0.1829225098273456,TGFB1;PCK2
KEGG_2021_Human,Natural killer cell mediated cytotoxicity,2/131,0.772682203607847,0.8830653755518251,0,0,0.709311445508436,0.1829225098273456,HLA-A;RAC1
KEGG_2021_Human,Epithelial cell signaling in Helicobacter pylori infection,1/70,0.7798222584696123,0.8839945550167958,0,0,0.6635367762128326,0.1650144692105984,RAC1
KEGG_2021_Human,Chemokine signaling pathway,3/192,0.780624223986606,0.8839945550167958,0,0,0.7256663671758011,0.1797195427639973,RAP1B;PARD3;RAC1
KEGG_2021_Human,Non-small cell lung cancer,1/72,0.7891559669665269,0.889593999125903,0,0,0.6447794749718971,0.1526781706774249,EML4
KEGG_2021_Human,Inositol phosphate metabolism,1/73,0.793673717526341,0.8906383798485636,0,0,0.6357916014606155,0.1469205271953349,TPI1
KEGG_2021_Human,Chronic myeloid leukemia,1/76,0.8066556804266505,0.9011288682243662,0,0,0.6102660406885759,0.1311207654859606,TGFB1
KEGG_2021_Human,Synaptic vesicle cycle,1/78,0.8148543055141058,0.906205685056046,0,0,0.5943540028047071,0.1216915737293922,CLTC
KEGG_2021_Human,B cell receptor signaling pathway,1/81,0.8265064421573776,0.9150607038170966,0,0,0.5719776995305165,0.1089889591654478,RAC1
KEGG_2021_Human,Adrenergic signaling in cardiomyocytes,2/150,0.833272952476961,0.918451965396828,0,0,0.6176470588235294,0.1126551278053386,PPP2CA;AGT
KEGG_2021_Human,Insulin secretion,1/86,0.8443233736640223,0.92085931369389,0,0,0.5381938690969346,0.0910730123981861,SLC2A1
KEGG_2021_Human,Cushing syndrome,2/155,0.8465964658153504,0.92085931369389,0,0,0.5973087274125336,0.0994704946270145,RAP1B;AGT
KEGG_2021_Human,Non-alcoholic fatty liver disease,2/155,0.8465964658153504,0.92085931369389,0,0,0.5973087274125336,0.0994704946270145,TGFB1;RAC1
KEGG_2021_Human,PD-L1 expression and PD-1 checkpoint pathway in cancer,1/89,0.8541247054541172,0.9220087256068724,0,0,0.5197663252240717,0.0819557513929386,EML4
KEGG_2021_Human,Bile secretion,1/90,0.8572530270265729,0.9220087256068724,0,0,0.5138998786727857,0.0791519675669084,SLC2A1
KEGG_2021_Human,Human cytomegalovirus infection,3/225,0.862145609031428,0.9220087256068724,0,0,0.6167452830188679,0.0914825078496913,PDIA3;HLA-A;RAC1
KEGG_2021_Human,Th1 and Th2 cell differentiation,1/92,0.8633102950573757,0.9220087256068724,0,0,0.502553784243925,0.0738659073009183,NOTCH3
KEGG_2021_Human,Rheumatoid arthritis,1/93,0.8662420688161341,0.9220087256068724,0,0,0.4970657276995305,0.071374107389509,TGFB1
KEGG_2021_Human,Aldosterone synthesis and secretion,1/98,0.8799862224443846,0.9286663113455632,0,0,0.4713227820531436,0.0602581595341317,AGT
KEGG_2021_Human,Choline metabolism in cancer,1/98,0.8799862224443846,0.9286663113455632,0,0,0.4713227820531436,0.0602581595341317,RAC1
KEGG_2021_Human,Melanogenesis,1/101,0.887546662849777,0.9326761541811216,0,0,0.457112676056338,0.0545308823860908,TYRP1
KEGG_2021_Human,NF-kappa B signaling pathway,1/104,0.894631858489243,0.9361548561406424,0,0,0.4437303432243949,0.0494062572330554,LBP
KEGG_2021_Human,Herpes simplex virus 1 infection,7/498,0.9101322885059568,0.9477178297630812,0,0,0.6477257298031229,0.0609932993574762,C3;PDIA3;CD74;C5;SRSF1;SRSF3;HLA-A
KEGG_2021_Human,Serotonergic synapse,1/113,0.91332484400555,0.9477178297630812,0,0,0.4078848088531187,0.0369803309325272,APP
KEGG_2021_Human,"Growth hormone synthesis, secretion and action",1/119,0.923909543358744,0.954706528137369,0,0,0.3870255430890427,0.0306296306645164,IGFALS
KEGG_2021_Human,Dopaminergic synapse,1/132,0.9426259487562548,0.9663678494441802,0,0,0.3483854782639859,0.0205846123793963,PPP2CA
KEGG_2021_Human,Oxidative phosphorylation,1/133,0.943858977825726,0.9663678494441802,0,0,0.3457284108692559,0.0199756730990177,ATP5F1B
KEGG_2021_Human,cAMP signaling pathway,2/216,0.946884626673128,0.9663678494441802,0,0,0.4257064321055525,0.0232342156779428,RAP1B;RAC1
KEGG_2021_Human,Breast cancer,1/147,0.958586864319422,0.968156806847119,0,0,0.3123512766094282,0.0132109270220839,NOTCH3
KEGG_2021_Human,Thermogenesis,2/232,0.9602204489788914,0.968156806847119,0,0,0.3957647058823529,0.0160650339157819,ATP5F1B;ACTB
KEGG_2021_Human,Gastric cancer,1/149,0.960349090662868,0.968156806847119,0,0,0.3080985915492957,0.0124651836086621,TGFB1
KEGG_2021_Human,Transcriptional misregulation in cancer,1/192,0.9844482691296635,0.9876564454985084,0,0,0.238207605142197,0.003733648758281,H3-3A
KEGG_2021_Human,Cytokine-cytokine receptor interaction,2/295,0.9876564454985084,0.9876564454985084,0,0,0.3096566954426822,0.0038460504001671,TGFB1;GDF15
